<?xml version="1.0" encoding="iso-8859-1" ?>
<!-- ######## ProdDeploy.xml ###### -->

<!-- Author: Barry Searle -->
<!-- (C) Copyright IBM Corp. 2004,2005 - All Rights Reserved.
 * DISCLAIMER:
 * The following source code is sample code created by IBM Corporation.
 * This sample code is not part of any standard IBM product and is provided
 * to you solely for the purpose of assisting you in the development of your
 * applications. �The code is provided "AS IS", without warranty or condition
 * of any kind. �IBM shall not be liable for any damages arising out of your
 * use of the sample code, even if IBM has been advised of the possibility of
 * such damages.
 *
 * Change History:
 * 1.3 (22apr2005) API: PARAM-1 is JACLdistDir, eliminated DEPLOY_WAS param
 * 1.2 (14jan2005) reordered wsadmin script parameters
 * 1.1 (17dec2004) initial version.
 *
-->
   <project name="jaclDeploy" default="deploy" basedir=".">

<!-- ############################################################## -->    
    <property name="wasroot"         value="F:\WAS60\AppSvr\profiles\ND6" />
<!-- ############################################################## -->    
    <property name="depType"         value="-pilot" />
    <property name="failOnError"     value="true" />
    <property name="distDir"         value="${baseDir}/dist" />
<!-- ############################################################## -->    

    <taskdef name="wsAdmin"            classname="com.ibm.websphere.ant.tasks.WsAdmin" />

	<target name="deploy"  >
		   <path id="toConvert1">  <pathelement location="${basedir}/dist"/>  </path>
    	   <pathconvert dirsep="/" property="newDistDir" refid="toConvert1"/>
	
			<echo message="########## FIRST install ########### ${line.separator}" />	
			<wsAdmin wasHome="${wasroot}" conntype="SOAP"  script="automatedDeploy.jacl">
				<arg value="install"/>
				<arg value="${depType}"/>
				<arg value="${failOnError}"/>
		    		<arg value="${newDistDir}"/>
		 	</wsAdmin>
	
			<echo message="########## SECOND update ########### ${line.separator}" />	
			<wsAdmin wasHome="${wasroot}" conntype="SOAP"  script="automatedDeploy.jacl">
				<arg value="update"/>
				<arg value="${depType}"/>
				<arg value="${failOnError}"/>
		    		<arg value="${newDistDir}"/>
		 	</wsAdmin>
	
			<echo message="########## THIRD uninstall ########### ${line.separator}" />	
			<wsAdmin wasHome="${wasroot}" conntype="SOAP"  script="automatedDeploy.jacl">
				<arg value="uninstall"/>
				<arg value="${depType}"/>
				<arg value="${failOnError}"/>
		    		<arg value="${newDistDir}"/>
		 	</wsAdmin>
	</target>
   </project>
